RCC,Tool Name,URL,Function,Category,Data Source,"Accessibility Status (Active, Partially Broken, Fully Broken, Offline, Unknown)",First Observed,Last Confirmed Live,"Verification Method (Loaded - Data Returned, Loaded - Page Only, Center Directory, Contact Confirmed, Unreachable, Inferred)",Verified Date,"Archive Type (Internal (PEDP/EDGI), External, None Found, Unknown)",Archive Link,"Archive Contents (Interface, Documentation, Data, Code, None Found, Unknown)",User Segment,"Segment Category (Agriculture, Water Resources, Emergency Management,  Fire & Rangeland, Public Health, Planning & Policy, Transportation, Research & Education, Data & Technical, Media & Communications)",Restoration Feasibility (L / M / H),ACIS Dependent (Y / N),"Priority 
(H / M / L)",Substitute Exists (Y / N / Partial) ,Impact Evidence,"Evidence Type (Documented, Reported, Inferred, None)",Notes
SERCC,SERCC Home Portal,https://sercc.com/ ,"Main hub for Southeast Regional Climate Center data, tools, and publications.",Core Data Access & Portals,ACIS,Active,10/15/2025,08/18/2026,Loaded - Page Only,08/18/2026,Unknown,,Unknown,"Researchers, state climatologists, planners, ag extension agents, emergency managers",Research & Education; Planning & Policy; Data & Technical,High,Y,High,Partial,SERCC listed as primary SE regional climate center hub by NCEI RCC program page and USDA Southeast Climate Hub tools directory. Sources: ncei.noaa.gov/regional/regional-climate-centers ; climatehubs.usda.gov/hubs/southeast ,Documented,"tool hub, not data endpoint."
SERCC,ACIS Temperature & Precipitation Maps,https://sercc.com/acis-temperature-maps/ ,Interactive ACIS-backed temperature and precipitation map viewer for the Southeast; selectable time periods from 7-day to multi-month; companion precipitation maps at /acis-precipitation-maps/.,Core Data Access & Portals,ACIS,Active,10/15/2025,08/18/2026,Loaded - Data Returned,08/18/2026,Unknown,,Unknown,"Researchers, state climatologists, NWS forecasters, emergency managers, planners",Data & Technical; Research & Education; Emergency Management; Planning & Policy,High,Y,High,Partial,ACIS Southeast Climate Maps listed on SERCC Hazard Mitigation resource page as a core tool for SE hazard planners. Source: sercc.com/hazard-mitigation/  (loaded 2026-08-22).,Documented,No standalone ACIS data portal exists on SERCC — rcc-acis.org is the network-level interface. updated to reflect map-viewer function. Source: sercc.com/acis-temperature-maps/  (loaded 2026-08-22).
SERCC,Current Conditions Across the Southeast,https://sercc.com/southeast-current-conditons/ ,"Interactive map of current temperature, precipitation, and climate anomalies across the Southeast; ACIS-backed real-time conditions display.",Core Data Access & Portals,ACIS,Active,10/15/2025,08/18/2026,Loaded - Data Returned,08/18/2026,Unknown,,Unknown,"Researchers, state agencies, emergency managers, media, planners",Data & Technical; Emergency Management; Planning & Policy,,,,,need restoration & feasibility,None,need restoration & feasibility
SERCC,ACIS Precipitation Maps,https://sercc.com/acis-precipitation-maps/ ,Interactive ACIS-backed precipitation map viewer for the Southeast; companion to Temperature Maps; selectable time periods.,Core Data Access & Portals,ACIS,Active,10/15/2025,08/18/2026,Loaded - Data Returned,08/18/2026,Unknown,,Unknown,"Researchers, state climatologists, NWS forecasters, planners, emergency managers",Data & Technical; Research & Education; Emergency Management; Planning & Policy,,,,,ACIS Southeast Climate Maps (temperature and precipitation) listed on SERCC Hazard Mitigation resource page as core tools for SE hazard planners. Source: sercc.com/hazard-mitigation/ (loaded 2026-08-22).,Documented,Companion to ACIS Temperature Maps; confirmed in nav under Data & Services. need restoration & feasibility
SERCC,State Average Data,https://sercc.com/state-climate-data/ ,"State-averaged monthly temperature, precipitation, and related variables (wind, humidity, degree days, records) for SE states from 1895 to present; interactive table with selectable state and variable.",Core Data Access & Portals,"ACIS, NCEI",Active,10/15/2025,08/18/2026,Loaded - Data Returned,08/18/2026,Unknown,,Unknown,"Researchers, state climatologists, planners, educators, data analysts",Data & Technical; Research & Education; Planning & Policy,,,,,Listed as a featured product on the legacy SERCC homepage alongside CLIMPER and NOWData. Source: sercc.com/home  (indexed).,Documented,need restoration & feasibility
SERCC,State Average Data Rank Tables,https://sercc.com/state-rank-tables/ ,State-level climate variable rank tables for SE states; shows historical rankings for temperature and precipitation by state.,Core Data Access & Portals,"ACIS, NCEI",Active,10/15/2025,08/18/2026,Loaded - Data Returned,08/18/2026,Unknown,,Unknown,"Researchers, state climatologists, planners, data analysts",Data & Technical; Research & Education,,,,,,None,need restoration & feasibility
SERCC,NCEI Comparative Climate Data,https://sercc.com/comparative-climate-data/ ,SERCC-hosted access page linking to or embedding NCEI comparative climate normals data for SE stations.,Core Data Access & Portals,NCEI,Active,10/15/2025,08/18/2026,Loaded - Data Returned,08/18/2026,Unknown,,Unknown,"Researchers, planners, data analysts, state climatologists",Data & Technical; Research & Education,,,,,,None,need restoration & feasibility
SERCC,Hazard Mitigation Resources (hub),https://sercc.com/hazard-mitigation/ ,"Curated resource hub for SE hazard mitigation planners; includes state-level climate records, FEMA resources, NCEI storm data, NIDIS drought tools, and SERCC-specific products organized by state/territory.",Core Data Access & Portals,"ACIS, NCEI, FEMA, NIDIS",Active,10/15/2025,08/18/2026,Loaded - Page Only,08/18/2026,Unknown,,Unknown,"Emergency managers, state planners, FEMA staff, state climatologists, local government",Emergency Management; Planning & Policy; Research & Education,,,,,SERCC Hazard Mitigation page confirmed as the SE RCC equivalent to NRCC/MRCC/HPRCC hazard mitigation planning pages; cross-linked from other RCC hazard mitigation pages including NRCC and MRCC. Source: nrcc.cornell.edu/resources/hazard/hazard.html  (loaded 2026-08-22).,Documented,need restoration & feasibility
SERCC,Hazard Perspectives (hub),https://sercc.com/hazard-perspectives/ ,a series of web-based tools for analyzing and visualizing risk to weather and climate extremes,Core Data Access & Portals,ACIS,Active,10/15/2025,08/18/2026,Loaded - Page Only,08/18/2026,Unknown,,Unknown,"Emergency managers, planners, state climatologists",Emergency Management; Planning & Policy; Data & Technical,,,,,,None,need restoration & feasibility
SERCC,NOWData – NOAA Online Weather Data,https://sercc.com/noaa-online-weather/ ,SERCC-hosted access page for NOAA NOWData; provides access to NWS cooperative observer station data via NOAA interface.,Core Data Access & Portals,"NWS, NOAA",Active,10/15/2025,08/18/2026,Loaded - Data Returned,08/18/2026,Unknown,,Unknown,"Researchers, state climatologists, data analysts, educators",Data & Technical; Research & Education,,,,,NOWData listed as a featured product on the legacy SERCC homepage alongside CLIMPER and State Average Data. Source: sercc.com/home (indexed).,Documented,need restoration & feasibility
SERCC,High Wind Climatology,https://sercc.com/high-wind-climatology/ ,Historical high wind event climatology for the Southeast; station-level wind extremes and event frequencies.,Core Data Access & Portals,"ACIS, NCEI",Active,10/15/2025,08/18/2026,Center Directory,08/18/2026,Unknown,,Unknown,"Emergency managers, structural engineers, planners, researchers",Emergency Management; Planning & Policy; Research & Education,Medium,Y,Medium,Partial,,None,
SERCC,Climate Perspectives (CLIMPER),https://sercc.com/climate-perspectives/ ,"Automated daily/weekly climate summaries placing recent temperature and precipitation at SE stations in historical and geographical perspective; ranks, streaks, and thresholds across selectable time periods; actual tool at sercc.oasis.unc.edu/Map.php.",Climate Monitoring & Analysis,ACIS,Active,10/15/2025,08/18/2026,Loaded - Data Returned,08/18/2026,Unknown,,Unknown,"Researchers, state climatologists, NWS forecasters, media, planners, ag extension agents",Research & Education; Planning & Policy; Data & Technical;Agriculture,High,Y,High,N,Used by The Weather Channel and digital partners for 10+ years to generate temperature and precipitation ranking maps for 4.5 million Twitter followers; listed on USDA Southeast Climate Hub tools directory as a primary regional climate monitoring tool; described by NCEI as a flagship SERCC product in the RCC 40th anniversary success stories. Sources: ncei.noaa.gov/news/success-stories-regional-climate-center-program ; climatehubs.usda.gov/hubs/southeast/tools/climate-perspectives-climper ,Documented,Hub page at sercc.com/climate-perspectives /; actual interactive tool at sercc.oasis.unc.edu/Map.php  (confirmed loaded). Tool developed by SERCC in collaboration with NC State Climate Office; launched 2010. Source: sercc.com/climate-perspectives/  (loaded 2026-08-22); ncei.noaa.gov/news/success-stories-regional-climate-center-program .
SERCC,Southeast Monthly Climate Reports,https://sercc.com/periodic-reports-monthly/ ,Staff-authored monthly climate summaries for the Southeast with temperature and precipitation anomaly maps; PDF reports available from 2012 to present; latest July 2026 confirmed.,Climate Monitoring & Analysis,"ACIS, staff analysis",Active,10/15/2025,08/18/2026,Loaded - Data Returned,08/18/2026,Unknown,,Unknown,"Planners, state agencies, researchers, media, ag extension agents",Planning & Policy; Research & Education; Agriculture,Medium,Y,Medium,Partial,Regularly linked by UGA Cooperative Extension Climate & Agriculture blog as primary SE monthly climate reference for extension agents and farmers; cited as substitute for NCEI monthly reports when NCEI was offline (October 2024). Sources: site.extension.uga.edu/climate/?p=28052 ; site.extension.uga.edu/climate/?p=18331 ; agroclimate.org/state-summaries/ ,Documented,
SERCC,Historical Climate Summaries,https://sercc.com/historical-climate-summaries/ ,"Climatological summaries of temperature and precipitation for 1,000+ daily weather stations across the SE; includes averages, extremes, and 1971-2000 NCEI monthly normals; developed by WRCC; state-by-state sub-pages including PR/USVI.",Climate Monitoring & Analysis,"ACIS, NCEI",Active,10/15/2025,08/18/2026,Loaded - Data Returned,08/18/2026,Unknown,,Unknown,"Researchers, planners, educators, state climatologists, engineers",Research & Education; Planning & Policy; Data & Technical,High,Y,Medium,Partial,Listed as a featured product on the legacy SERCC homepage alongside CLIMPER and NOWData; described in SERCC climate-data page as a core data access product. Source: sercc.com/climate-data/ (indexed); sercc.com/home (indexed).,Documented,Tool developed by WRCC and hosted by SERCC
SERCC,Southeast Drought Monitor Maps,https://sercc.com/drought-maps/ ,"SERCC page displaying current USDM drought maps for the Southeast and Caribbean; embeds live droughtmonitor.unl.edu PNG maps; links to NDMC, NIDIS SE DEWS, and drought status updates.",Climate Monitoring & Analysis,"NDMC, ACIS",Active,10/15/2025,08/18/2026,Loaded - Data Returned,08/18/2026,Unknown,,Unknown,"Emergency managers, water resource managers, farmers, state agencies, NWS forecasters",Emergency Management; Water Resources; Agriculture; Planning & Policy,,,,,SERCC drought page listed as a key SE drought resource on NIDIS Southeast DEWS state pages (drought.gov/states/north-carolina; drought.gov/states/south-carolina); SERCC CLIMPER listed in SE drought webinar resources. Source: drought.gov/states/south-carolina ; drought.gov/states/north-carolina  (loaded 2026-08-22).,Documented,"Page loaded with live USDM map embeds for SE and Caribbean. Note: this is a display/access page for NDMC maps, not a SERCC-generated drought product. Source: sercc.com/drought-maps/ (loaded 2026-08-22). need restoration & feasibility"
SERCC,Southeast Seasonal Climate Reports,https://sercc.com/periodic-reports-quarterly/ ,Staff-authored quarterly/seasonal climate summaries for the Southeast; PDF reports; companion to monthly reports.,Climate Monitoring & Analysis,"ACIS, staff analysis",Active,10/15/2025,08/18/2026,Loaded - Data Returned,08/18/2026,Unknown,,Unknown,"Planners, state agencies, researchers, media, ag extension agents",Planning & Policy; Research & Education; Agriculture,,,,,Linked by UGA Cooperative Extension Climate & Agriculture blog as primary SE quarterly climate reference. Source: site.extension.uga.edu/climate/?p=22516 .,Documented,Companion to monthly reports. Source: sercc.com nav (loaded 2026-08-22). need restoration & feasibility
SERCC,Southeast Annual Climate Reports,https://sercc.com/periodic-reports-annual/ ,Annual climate summaries for the Southeast; PDF reports.,Climate Monitoring & Analysis,"ACIS, staff analysis",Active,10/15/2025,08/18/2026,Loaded - Data Returned,08/18/2026,Unknown,,Unknown,"Planners, state agencies, researchers, policymakers",Planning & Policy; Research & Education,,,,,,None,need restoration & feasibility
SERCC,Gulf Coast Region Seasonal Climate Reports,https://sercc.com/gulf-coast-region-periodic-reports-quarterly/ ,Quarterly climate summaries specifically for the Gulf Coast region; distinct from the broader SE seasonal reports.,Climate Monitoring & Analysis,"ACIS, staff analysis",Active,10/15/2025,08/18/2026,Loaded - Data Returned,08/18/2026,Unknown,,Unknown,"Gulf Coast planners, state agencies, emergency managers, researchers",Planning & Policy; Research & Education; Emergency Management,,,,,,None,distinct product from the SE seasonal reports. Source: sercc.com nav (loaded 2026-08-22).need restoration & feasibility
SERCC,Sporting Event Climatologies (hub),https://sercc.com/sporting-climatology/,"Hub page of historical weather climatologies for major SE sporting events including PGA Tour, Masters, Super Bowl, NASCAR, road races; sub-pages are Tableau-embedded PDFs.",Sports & Event Climatology.,"ACIS, NWS historical data",Active,10/15/2025,08/18/2026,Loaded - Page Only,08/18/2026,Unknown,,Unknown,"Sports media, event planners, broadcasters, researchers, meteorologists",Research & Education,Low,Y,Low,Y,"Peer-reviewed study on weather effects on Masters golf scores (International Journal of Biometeorology, 2023) cites Augusta National climate data consistent with SERCC Masters Climatology; SERCC data credited in Forbes article on Super Bowl LII weather by Dr. Marshall Shepherd (Forbes, February 2018). Sources: link.springer.com/article/10.1007/s00484-023-02549-6 ; forbes.com/sites/marshallshepherd/2018/02/04/three-interesting-weather-facts-about-u-s-bank-stadium-and-super-bowl-lii/ ",Documented,"Hub page with Tableau-embedded climatology PDFs for individual events; sub-pages at /masters-golf-climatology/, /superbowl-football-climatology/, and NASCAR track URLs are Tableau wrappers without distinct tool functionality. Source: sercc.com/sporting-climatology/ (loaded 2026-08-22). need restoration & feasibility."
SERCC,Masters Golf Climatology,https://sercc.com/masters-golf-climatology/ ,"Interactive Tableau dashboard of weather climatology for The Masters tournament at Augusta National, 1934–2026; historical temperature, precipitation, and weather event data by tournament year.",Sports & Event Climatology.,"ACIS, NWS historical data",Active,10/15/2025,08/18/2026,Loaded - Data Returned,08/18/2026,Unknown,,Unknown,"Sports media, broadcasters, local TV meteorologists, sports bettors, golf organizations, researchers",Media & Communications,,,,,"Peer-reviewed study on weather effects on Masters golf scores (International Journal of Biometeorology, 2023) uses Augusta National climate data consistent with SERCC product; Yahoo Sports and Weather Channel directly attribute Masters rain statistics to SERCC. Sources: link.springer.com/article/10.1007/s00484-023-02549-6 ; sports.yahoo.com/golf/article/masters-weather-forecast-first-dry-masters-in-more-than-a-decade-142941784.html ",Documented,Tableau embed confirmed at distinct URL; hub at sercc.com/sporting-climatology/. Source: sercc.com/masters-golf-climatology/ (loaded 2026-08-22). need restoration & feasibility.
SERCC,Super Bowl Weather Climatology,https://sercc.com/superbowl-football-climatology/ ,"Interactive Tableau dashboard of weather climatology for Super Bowl games, 1967–2026.",Sports & Event Climatology.,"ACIS, NWS historical data",Active,10/15/2025,08/18/2026,Loaded - Data Returned,08/18/2026,Unknown,,Unknown,"Sports media, broadcasters, local TV meteorologists, sports bettors, NFL organizations",Media & Communications,,,,,SERCC data credited in Forbes article on Super Bowl LII weather by Dr. Marshall Shepherd; AccuWeather Super Bowl weather graphics produced with SERCC data. Sources: forbes.com/sites/marshallshepherd/2018/02/04/three-interesting-weather-facts-about-u-s-bank-stadium-and-super-bowl-lii/ ,Documented,need restoration & feasibility.
SERCC,Atlanta Motor Speedway NASCAR Climatology,https://sercc.com/atlanta-nascar-climatology/ ,"Interactive Tableau dashboard of weather climatology for NASCAR Cup Series races at Atlanta Motor Speedway, 1961–2026.",Sports & Event Climatology.,"ACIS, NWS historical data",Active,10/15/2025,08/18/2026,Loaded - Data Returned,08/18/2026,Unknown,,Unknown,"Sports media, broadcasters, NASCAR organizations, sports bettors, event organizers",Media & Communications,,,,,,None,need restoration & feasibility.
SERCC,Charlotte Motor Speedway NASCAR Climatology,https://sercc.com/charlotte-nascar-climatology/ ,"Interactive Tableau dashboard of weather climatology for NASCAR Cup Series races at Charlotte Motor Speedway, 1960–2026.",Sports & Event Climatology.,"ACIS, NWS historical data",Active,10/15/2025,08/18/2026,Loaded - Data Returned,08/18/2026,Unknown,,Unknown,"Sports media, broadcasters, NASCAR organizations, sports bettors, event organizers",Media & Communications,,,,,,None,need restoration & feasibility.
SERCC,Darlington Raceway NASCAR Climatology,https://sercc.com/darlington-nascar-climatology/ ,"Interactive Tableau dashboard of weather climatology for NASCAR Cup Series races at Darlington Raceway, 1950–2025.",Sports & Event Climatology.,"ACIS, NWS historical data",Active,10/15/2025,08/18/2026,Loaded - Data Returned,08/18/2026,Unknown,,Unknown,"Sports media, broadcasters, NASCAR organizations, sports bettors, event organizers",Media & Communications,,,,,,None,need restoration & feasibility.
SERCC,Daytona International Speedway NASCAR Climatology,https://sercc.com/daytona-nascar-climatology/ ,"Interactive Tableau dashboard of weather climatology for NASCAR Cup Series races at Daytona International Speedway, 1959–2026.",Sports & Event Climatology.,"ACIS, NWS historical data",Active,10/15/2025,08/18/2026,Loaded - Data Returned,08/18/2026,Unknown,,Unknown,"Sports media, broadcasters, NASCAR organizations, sports bettors, event organizers",Media & Communications,,,,,,None,need restoration & feasibility.
SERCC,Talladega Superspeedway NASCAR Climatology,https://sercc.com/nascar-talladega-superspeedway/ ,"Interactive Tableau dashboard of weather climatology for NASCAR Cup Series races at Talladega Superspeedway, 1969–2026.",Sports & Event Climatology.,"ACIS, NWS historical data",Active,10/15/2025,08/18/2026,Loaded - Data Returned,08/18/2026,Unknown,,Unknown,"Sports media, broadcasters, NASCAR organizations, sports bettors, event organizers",Media & Communications,,,,,,None,need restoration & feasibility.
SERCC,ParkRun Durham NC Climatology,https://sercc.com/parkrun/ ,"Interactive Tableau dashboard of weather climatology for ParkRun Durham, NC weekly 5K events.",Sports & Event Climatology.,"ACIS, NWS historical data",Active,10/15/2025,08/18/2026,Loaded - Data Returned,08/18/2026,Unknown,,Unknown,"Runners, race organizers, local community",Media & Communications,,,,,,None,need restoration & feasibility.
SERCC,Southeast MPE Maps,https://sercc.com/precip-summary/ ,Archive of Multi-sensor Precipitation Estimates (MPE) from 2002 to present; radar-based precipitation estimates calibrated to surface gauge reports produced by NWS River Forecast Centers; monthly gridded precipitation maps for the Southeast.,Precipitation & Hydrology,"NOAA MPE, NWS RFCs",Active,10/15/2025,08/18/2026,Loaded - Data Returned,08/18/2026,Unknown,,Unknown,"Hydrologists, NWS forecasters, water resource managers, researchers, planners",Water Resources; Research & Education; Data & Technical; Planning & Policy,,,,,Listed on SERCC Hazard Mitigation resource page as a key tool for SE hazard mitigation planners under precipitation resources. Source: sercc.com/hazard-mitigation/ (loaded 2026-08-22).,None,need restoration & feasibility.
SERCC,Health Explorer,https://cas-perspectives.oasis.unc.edu/health-explorer/ ,"Interactive county-level mortality visualization tool covering all ICD-10 and ICD-9 disease categories from 1990–2021; filterable by U.S. region, season, and disease category; designed to connect extreme weather and climate events to public health outcomes. Developed by SERCC.",Heat & Health,CDC mortality data,Active,10/16/2025,08/18/2026,Loaded - Data Returned,08/19/2026,Unknown,,Unknown,"Public health officials, researchers, emergency managers, community stakeholders",Public Health; Research & Education; Emergency Management,,,,,,None,"Loaded with full ICD-10/ICD-9 category selectors, regional filters, and county-level mortality map. Hub page at sercc.com/hazard-perspectives/ . Contact: Chris Fuhrmann, SERCC (fuhrman1@email.unc.edu). Source: cas-perspectives.oasis.unc.edu/health-explorer/  (loaded 2026-08-22). need restoration & feasibility."
SERCC,WBGT Forecast Tool,https://convergence.unc.edu/tools/wbgt/ ,5-day WBGT forecast tool for the SE U.S.; uses NWS NDFD gridded forecasts to estimate WBGT via the Liljegren method; provides sun and shade WBGT range with NCHSAA flag-level thresholds; developed by SERCC/CISA/NC State Climate Office. Actual forecast interface at wbgt.oasis.unc.edu/wbgt_v6/index_v2.php .,Heat & Health,"NWS NDFD, RTMA",Active,10/15/2025,08/18/2026,Loaded - Data Returned,08/19/2026,Unknown,,Unknown,"Public health agencies, emergency managers, outdoor workers, military, athletic trainers, high school athletics, municipal planners",Public Health; Emergency Management; Research & Education,High,N,High,N,"Cited as reference 21 in peer-reviewed paper on WBGT variability and heat stress monitoring (Grundstein, Cooper, Hosokawa, Journal of Sports Science and Medicine, 2024); presented by SERCC director at NOAA Climate Prediction Applications Science Workshop 2023 as flagship heat safety tool. Sources: doi.org/10.1177/17479541231186146 ; weather.gov/media/climateservices/CPASW/2023/Tuesday/Konrad-WBGT-CPASW2023.pdf ",Documented,"Tool uses NWS forecasts not ACIS station data, Hub page at convergence.unc.edu/tools/wbgt/ ; forecast interface at wbgt.oasis.unc.edu/wbgt_v6/index_v2.php ."
SERCC,WBGT Climatology,https://sercc.com/wbgt-climatology/ ,Historical WBGT climatology tool for the Southeast covering 1981–2020 at 9km gridded resolution using ERA-Interim data; maps black-flag day frequency and timing of peak WBGT by season. Actual tool at serccdrop.oasis.unc.edu/wbgt/wbgtse.html.,Heat & Health,ERA-Interim reanalysis,Active,10/15/2025,08/18/2026,Loaded - Data Returned,08/19/2026,Unknown,,Unknown,"Public health agencies, athletic trainers, military, occupational health professionals, researchers",Public Health; Research & Education; Data & Technical,,,,,Presented by SERCC at NOAA Eastern Region Climate Services Webinar (September 2021) as companion to WBGT Forecast Tool. Source: nrcc.cornell.edu/workshops/webinars/2021/09/present_1.pdf .,Documented,Distinct from WBGT Forecast Tool — climatological/historical companion covering 1981–2020. Tool URL embedded in hub page: serccdrop.oasis.unc.edu/wbgt/wbgtse.html. need restoration & feasibility.
SERCC,Caribbean Heat Index Climatology,https://sercc.com/caribbean-heat-index-climatology/ ,Historical heat index climatology for Caribbean stations including Puerto Rico and U.S. Virgin Islands; station-level heat index statistics and seasonal patterns.,Heat & Health,"ACIS, NWS",Active,10/15/2025,08/18/2026,Loaded - Data Returned,08/19/2026,Unknown,,Unknown,"Public health agencies, emergency managers, researchers, PR/USVI planners",Public Health; Research & Education; Emergency Management,,,,,,None,Only SERCC product covering Caribbean heat climatology specifically at station level; no national equivalent. need restoration & feasibility.
SERCC,"Pollen Dashboard – Raleigh, NC",https://sercc.com/pollen-dashboard/ ,"Interactive Tableau-based pollen dashboard for Raleigh, NC tracking daily pollen counts with climate context. Companion Forsyth County dashboard at sercc.com/forsyth-county-nc-pollen-dashboard/.",Heat & Health,"NC DEQ pollen data, climate station data",Active,10/15/2025,08/18/2026,Loaded - Data Returned,08/19/2026,Unknown,,Unknown,"Public health agencies, allergy sufferers, medical professionals, researchers",Public Health; Research & Education,,,,,,None,Tableau embed present. Forsyth County companion at sercc.com/forsyth-county-nc-pollen-dashboard/ .  need restoration & feasibility.
SERCC,WBGT Heat Mapping Project,https://sercc.com/wbgt-heat-mapping/ ,"Citizen science urban heat mapping initiative collecting WBGT measurements across Chapel Hill, Carrboro, and South Durham; produces 10m-resolution heat exposure maps via random forest model; active project blog with updates through 2025–2026.",Heat & Health,"Field measurements, ML model (random forest)",Active,10/15/2025,08/18/2026,Loaded - Data Returned,08/19/2026,Unknown,,Unknown,"Researchers, urban planners, public health agencies, community members, schools",Public Health; Planning & Policy; Research & Education,,,,,Community engagement event at Chapel Hill Public Library (April 2026) documented findings from 1M+ WBGT measurements across Orange County and South Durham. Source: sercc.com/heat-mapping-engagement/  (indexed 2026-08-22).,Reported,"Research project blog, not a stable data tool. Source: sercc.com/wbgt-heat-mapping/  (loaded 2026-08-22). need restoration & feasibility."
SERCC,WBGT Explorer,https://cas-perspectives.oasis.unc.edu/hazard-perspective/ ,"Interactive visualization tool exploring high-resolution WBGT patterns across the SE U.S. over 1994–2020 at 9km resolution using ERA5-Land data and the Liljegren method; supports county, census tract, and gridded spatial views; monthly and seasonal time scales. Developed by SERCC.",Heat & Health,ERA5-Land reanalysis,Active,10/15/2025,08/18/2026,Loaded - Data Returned,08/19/2026,Unknown,,Unknown,"Public health officials, occupational health researchers, emergency managers, academic researchers",Public Health; Research & Education; Emergency Management,,,,,,None,"Loaded with full interface — WBGT, WBGT Climatology, and Precipitation data layers. Hub page at sercc.com/hazard-perspectives/ . Contact: Chris Fuhrmann, SERCC (fuhrman1@email.unc.edu). need restoration & feasibility."
SERCC,SERCC News,https://sercc.com/category/news/ ,"SERCC news posts covering notable weather and climate events, research updates, and center announcements.",Climate Events & Outreach,Staff content,Active,10/16/2025,08/18/2026,Loaded - Page Only,08/19/2026,Unknown,,Unknown,"Researchers, media, general public, educators",Research & Education,Low,N,Low,Y,,None,
SERCC,Education & Research Hub,https://sercc.com/education-and-research/ ,"Hub page linking to SERCC K-12 climate education resources, publications, presentations, posters, RCC newsletters, NWS newsletters, and NOAA education resources.",Climate Events & Outreach,Static content,Active,10/16/2025,08/18/2026,Loaded - Page Only,08/19/2026,Unknown,,Unknown,"K-12 educators, students, general public, researchers",Research & Education,Low,N,Low,Y,,None,
SERCC,"Publications, Presentations & Posters",https://sercc.com/sercc-research-projects/ ,"Archive of SERCC peer-reviewed publications, conference presentations, posters, and research project descriptions; covers topics including WBGT, tornado vulnerability, extreme precipitation trends, fog climatology, and heat-health relationships.",Climate Events & Outreach,Static content,Active,10/16/2025,08/18/2026,Loaded - Page Only,08/19/2026,Unknown,,Unknown,"Researchers, planners, policymakers, state climatologists",Research & Education; Planning & Policy,Low,N,Low,Partial,SERCC publications on extreme heat and health cited in NC Division of Public Health climate-health materials; SERCC research on precipitation patterns and tornado vulnerability cited in SE state hazard mitigation frameworks.,Documented,